horizon,target,target_label,feature_set,model,features,cost_bps,dev_observations,dev_r2,dev_trades,dev_coverage,dev_hit_rate,dev_total_net,dev_sharpe,dev_max_drawdown,dev_positive_folds,dev_folds,dev_net_ex_2012,dev_baseline_net,dev_incremental_net,holdout_observations,holdout_trades,holdout_coverage,holdout_hit_rate,holdout_total_net,holdout_sharpe,holdout_max_drawdown,holdout_baseline_net,holdout_incremental_net,passes_gate
5,raw_corn,raw corn,stage_weather,ridge,15,5.00000000,515,-0.02542622,393,0.76310680,0.50636132,0.69612384,0.25059850,-0.83221470,3,5,0.63470379,-0.55339799,1.24952183,73,70,0.95890411,0.52857143,-0.04466842,-0.15153710,-0.21429320,0.00000000,-0.04466842,False
5,raw_corn,raw corn,stage_weather,logistic,15,5.00000000,515,,380,0.73786408,0.51842105,0.31651635,0.11351246,-0.75089061,4,5,0.30939352,-0.55339799,0.86991433,73,73,1.00000000,0.56164384,0.13955679,0.45308170,-0.17891608,0.00000000,0.13955679,False
5,raw_corn,raw corn,stage_weather,boosting,15,5.00000000,515,-0.14951855,374,0.72621359,0.46256684,-1.30552293,-0.48136411,-0.91967175,2,5,-0.99471934,-0.55339799,-0.75212495,73,70,0.95890411,0.50000000,0.19552578,0.64561430,-0.12741748,0.00000000,0.19552578,False
5,raw_corn,raw corn,stage_weather_market,ridge,23,5.00000000,515,-0.04521594,438,0.85048544,0.51598174,1.95741357,0.66337419,-0.62021576,3,5,1.90106072,-0.55339799,2.51081155,73,70,0.95890411,0.50000000,0.11454426,0.37928250,-0.16981393,0.00000000,0.11454426,False
5,raw_corn,raw corn,stage_weather_market,logistic,23,5.00000000,515,,416,0.80776699,0.49519231,0.43694473,0.15105437,-0.75678183,3,5,0.42202638,-0.55339799,0.99034272,73,73,1.00000000,0.49315068,-0.05027248,-0.16269921,-0.19144961,0.00000000,-0.05027248,False
5,raw_corn,raw corn,stage_weather_market,boosting,23,5.00000000,515,-0.17112526,241,0.46796117,0.46473029,-0.83756192,-0.38568738,-0.76763501,2,5,-0.81985907,-0.55339799,-0.28416394,73,23,0.31506849,0.43478261,-0.06463163,-0.39321125,-0.09116242,0.00000000,-0.06463163,False
5,raw_corn,raw corn,all_public,ridge,32,5.00000000,212,-0.07020731,140,0.66037736,0.51428571,0.47457889,0.47486302,-0.30762575,3,4,0.47457889,-0.34857819,0.82315709,73,25,0.34246575,0.56000000,-0.07002158,-0.41279745,-0.17412869,0.00000000,-0.07002158,False
5,raw_corn,raw corn,all_public,logistic,32,5.00000000,212,,152,0.71698113,0.49342105,0.55453206,0.54838653,-0.39573065,2,4,0.55453206,-0.34857819,0.90311025,73,41,0.56164384,0.56097561,0.00806408,0.03298174,-0.25028580,0.00000000,0.00806408,False
5,raw_corn,raw corn,all_public,boosting,32,5.00000000,212,-0.10977725,148,0.69811321,0.50675676,0.60844217,0.57229737,-0.38160002,2,4,0.60844217,-0.34857819,0.95702036,73,35,0.47945205,0.54285714,0.10820788,0.52069179,-0.10040460,0.00000000,0.10820788,False
5,corn_wheat,corn minus wheat,stage_weather,ridge,15,10.00000000,515,-0.02206499,325,0.63106796,0.48615385,-0.51135584,-0.21266605,-0.77253052,2,5,-0.64107023,0.28565888,-0.79701472,73,12,0.16438356,0.83333333,0.22409826,1.71822686,-0.06638498,-0.03871849,0.26281676,False
5,corn_wheat,corn minus wheat,stage_weather,logistic,15,10.00000000,515,,356,0.69126214,0.49719101,-0.92224041,-0.34156196,-0.81926957,1,5,-0.93440792,0.28565888,-1.20789929,73,17,0.23287671,0.70588235,0.21779887,1.57054283,-0.05928678,-0.03871849,0.25651736,False
5,corn_wheat,corn minus wheat,stage_weather,boosting,15,10.00000000,515,-0.13428813,227,0.44077670,0.51101322,0.11360150,0.05242447,-0.62289137,3,5,0.04530230,0.28565888,-0.17205738,73,49,0.67123288,0.55102041,-0.09210347,-0.33845170,-0.18944634,-0.03871849,-0.05338497,False
5,corn_wheat,corn minus wheat,stage_weather_market,ridge,23,10.00000000,515,-0.03840745,344,0.66796117,0.51162791,0.34277812,0.14224835,-0.66036067,4,5,0.07733530,0.28565888,0.05711924,73,7,0.09589041,0.71428571,0.03018704,0.29692695,-0.05759275,-0.03871849,0.06890554,False
5,corn_wheat,corn minus wheat,stage_weather_market,logistic,23,10.00000000,515,,326,0.63300971,0.50613497,-0.32027724,-0.12673253,-0.76643786,2,5,-0.18033349,0.28565888,-0.60593612,73,35,0.47945205,0.54285714,-0.00463763,-0.02036984,-0.14510540,-0.03871849,0.03408087,False
5,corn_wheat,corn minus wheat,stage_weather_market,boosting,23,10.00000000,515,-0.12440565,286,0.55533981,0.52797203,0.31452713,0.14211824,-0.61037419,3,5,0.25973778,0.28565888,0.02886825,73,24,0.32876712,0.54166667,0.00337911,0.01504193,-0.11325716,-0.03871849,0.04209761,False
5,corn_wheat,corn minus wheat,all_public,ridge,32,10.00000000,212,-0.17438238,135,0.63679245,0.47407407,0.03194294,0.02966296,-0.39762095,3,4,0.03194294,-0.24008064,0.27202358,73,8,0.10958904,0.50000000,-0.09017023,-0.74390049,-0.09115672,-0.03871849,-0.05145173,False
5,corn_wheat,corn minus wheat,all_public,logistic,32,10.00000000,212,,119,0.56132075,0.51260504,0.36005016,0.35305240,-0.30951190,3,4,0.36005016,-0.24008064,0.60013079,73,25,0.34246575,0.48000000,-0.05641231,-0.28820507,-0.18570880,-0.03871849,-0.01769382,False
5,corn_wheat,corn minus wheat,all_public,boosting,32,10.00000000,212,-0.07421180,132,0.62264151,0.56060606,0.72788976,0.81457559,-0.24227195,4,4,0.72788976,-0.24008064,0.96797040,73,17,0.23287671,0.64705882,0.11344805,0.87936466,-0.09075423,-0.03871849,0.15216654,True
5,corn_ag_beta,corn minus beta-adjusted ag basket,stage_weather,ridge,15,10.00000000,505,-0.02538628,303,0.60000000,0.49834983,0.18679055,0.10355949,-0.44714766,4,5,0.17570811,-0.03988748,0.22667804,73,35,0.47945205,0.48571429,0.10488258,0.65978137,-0.08300148,-0.09275191,0.19763449,False
5,corn_ag_beta,corn minus beta-adjusted ag basket,stage_weather,logistic,15,10.00000000,505,,185,0.36633663,0.45945946,-0.01514819,-0.01021680,-0.40193820,3,5,-0.12391580,-0.03988748,0.02473929,73,73,1.00000000,0.45205479,-0.17438906,-0.76146721,-0.23648156,-0.09275191,-0.08163714,False
5,corn_ag_beta,corn minus beta-adjusted ag basket,stage_weather,boosting,15,10.00000000,505,-0.17884762,405,0.80198020,0.49135802,-0.86227323,-0.41175449,-0.72165815,2,5,-0.92229072,-0.03988748,-0.82238575,73,68,0.93150685,0.47058824,-0.13223301,-0.58754552,-0.18619491,-0.09275191,-0.03948110,False
5,corn_ag_beta,corn minus beta-adjusted ag basket,stage_weather_market,ridge,23,10.00000000,505,-0.03073759,271,0.53663366,0.50184502,0.39436210,0.22489410,-0.38903921,3,5,0.36931658,-0.03988748,0.43424958,73,37,0.50684932,0.45945946,0.00894114,0.05327356,-0.12864564,-0.09275191,0.10169305,False
5,corn_ag_beta,corn minus beta-adjusted ag basket,stage_weather_market,logistic,23,10.00000000,505,,314,0.62178218,0.50318471,0.76873076,0.41948350,-0.36111983,4,5,0.64823180,-0.03988748,0.80861824,73,73,1.00000000,0.46575342,-0.14836873,-0.64729672,-0.20542816,-0.09275191,-0.05561682,False
5,corn_ag_beta,corn minus beta-adjusted ag basket,stage_weather_market,boosting,23,10.00000000,505,-0.17558514,200,0.39603960,0.46500000,-0.36582239,-0.23869681,-0.57279496,4,5,-0.43290308,-0.03988748,-0.32593491,73,5,0.06849315,0.60000000,0.02996023,0.60656508,-0.02979467,-0.09275191,0.12271214,False
5,corn_ag_beta,corn minus beta-adjusted ag basket,all_public,ridge,32,10.00000000,212,-0.11253198,106,0.50000000,0.58490566,0.32815371,0.51060808,-0.18460158,3,4,0.32815371,-0.09173011,0.41988383,73,10,0.13698630,0.50000000,0.01002137,0.13879275,-0.03045553,0.00000000,0.01002137,True
5,corn_ag_beta,corn minus beta-adjusted ag basket,all_public,logistic,32,10.00000000,212,,175,0.82547170,0.54285714,0.35244760,0.43789497,-0.25697125,2,4,0.35244760,-0.09173011,0.44417772,73,34,0.46575342,0.52941176,0.05415887,0.35630408,-0.09238962,0.00000000,0.05415887,False
5,corn_ag_beta,corn minus beta-adjusted ag basket,all_public,boosting,32,10.00000000,212,-0.14631918,116,0.54716981,0.53448276,0.13696308,0.20663529,-0.21255982,2,4,0.13696308,-0.09173011,0.22869320,73,69,0.94520548,0.46376812,-0.04273889,-0.19525333,-0.18125800,0.00000000,-0.04273889,False
